Name,Headquarters,Founded,Company size,Revenue,EBITDA,Offices,CEO,CFO,CTO,Phone,Solution,Website,Linkedin,Crunchbase,Facebook,Twitter
Underground Cable Systems,,,,64700000,16100000,,"Ellich, Stephen",,,,Construction and Engineering,http://www.ucs.com.au/,,https://www.crunchbase.com/organization/underground-cable-systems,,
NDY Group,"West Melbourne, Victoria",1959,"501-1,000 employees",89900000,6600000,12,,,,,Construction and Engineering,http://www.ndy.com,https://www.linkedin.com/company/norman-disney-&-young/,https://www.crunchbase.com/organization/ndy-group,https://www.facebook.com/ndygroup,https://www.twitter.com/ndygroup
Atlas Arteria,,,,90600000,34300000,,"Bevans, Graeme Francis","Lennie, Nadine",,,Highways and Railtracks,https://www.atlasarteria.com/,,https://www.crunchbase.com/organization/atlas-arteria,,
J&P Richardson Industries,,,,97900000,4400000,,,,,,Construction and Engineering,http://www.jpr.com.au/,,https://www.crunchbase.com/organization/j-p-richardson-industries,,
Duratec Australia,"Wangara, WA",2010,"501-1,000 employees",235700000,13500000,16,,"Ryan, Paul",,1300 402 401,Construction and Engineering,http://www.duratec.com.au,https://www.linkedin.com/company/duratec-australia/,https://www.crunchbase.com/organization/duratec-australia,,
Golding Contractors,"Milton, Queensland",1942,"1,001-5,000 employees",291000000,37400000,6,"Caton, Geoff",,,,Construction and Engineering,http://www.golding.com.au,https://www.linkedin.com/company/golding-contractors-pty-ltd/,https://www.crunchbase.com/organization/golding-contractors,,
Ingenia Communities Group,"Sydney, NSW",,"501-1,000 employees",296400000,96800000,2,"Owen, Simon Richard","Noble, Scott Cameron",,,,http://www.ingeniacommunities.com.au,https://www.linkedin.com/company/ingenia-communities/,https://www.crunchbase.com/organization/ingenia-communities-group,https://www.facebook.com/ingeniacommunities/,
DECMIL,"Perth, WA",1978,201-500 employees,303700000,4800000,3,"Dique, Andries","Ings, Alan",,,Construction and Engineering,http://www.decmil.com,https://www.linkedin.com/company/decmil-australia/,https://www.crunchbase.com/organization/decmil,,
Wagners,"Wellcamp, Queensland",1989,"501-1,000 employees",320700000,39000000,6,"Coleman, Cameron","Hume, Fergus",,07 4637 7777,Construction Materials,http://www.wagner.com.au,https://www.linkedin.com/company/wagners/,https://www.crunchbase.com/organization/wagners,,
Ausco Holdings PTY Limited,"Crossville, TN",1982,51-200 employees,400500000,55600000,1,,,,,Construction and Engineering,http://www.800plateau.com,https://www.linkedin.com/company/the-plateau-group-inc-/,https://www.crunchbase.com/organization/ausco-holdings-pty-limited,https://ausco.com.au/,https://www.twitter.com/https://twitter.com/auscomodular
Gwa Group,,,"501-1,000 employees",405700000,70100000,3,"Meyerhans, Urs B.","Gibson, Patrick A.",,,Building Products,http://www.gwagroup.com.au/,https://www.linkedin.com/company/gwagroup/,https://www.crunchbase.com/organization/gwa-group,,
Seymour Whyte,,,,433200000,2100000,,"Kirkwood, John","Padget, Nicola",,,Construction and Engineering,https://www.seymourwhyte.com.au,,https://www.crunchbase.com/organization/seymour-whyte,,
Johns Lyng Group,"Doncaster, VIC",,"501-1,000 employees",568400000,47900000,4,"Didier, Scott Andrew","Lunn, Matthew",,,Construction and Engineering,http://www.johnslyng.com.au,https://www.linkedin.com/company/johns-lyng-group/,https://www.crunchbase.com/organization/johns-lyng-group,,
Coates Hire,"Mascot, NSW",1885,"1,001-5,000 employees",775700000,317400000,1,"Vitlich, Murray John","Proctor, Jeff",,,Trading Companies and Distributors,https://www.coates.com.au/,https://www.linkedin.com/company/coates-hire_2/,https://www.crunchbase.com/organization/coates-hire,https://www.facebook.com/CoatesHire/,https://twitter.com/coateshire
Service Stream,"Melbourne, Victoria",,"1,001-5,000 employees",803000000,58400000,1,,"Kow, Linda",,+61 3 9677 8888,Construction and Engineering,http://www.servicestream.com.au,https://www.linkedin.com/company/service-stream/,https://www.crunchbase.com/organization/service-stream,,
Brickworks,,,,890300000,62400000,,,"Bakewell, Robert Canvin",,,Construction Materials,https://www.brickworks.com.au,,https://www.crunchbase.com/organization/brickworks,,
ADCO Constructions,"North Sydney, NSW",1972,"501-1,000 employees",901800000,18200000,5,,,,,Construction and Engineering,https://www.adcoconstruct.com.au,https://www.linkedin.com/company/adco-constructions/,https://www.crunchbase.com/organization/adco-constructions,https://www.facebook.com/ADCOConstructionsAU/,
Adelaide Brighton,"Adelaide, South Australia",,"1,001-5,000 employees",1505800000,240800000,2,"Miller, Nicholas D.","Mlikota, Theresa",,,Construction Materials,https://www.adbri.com.au,https://www.linkedin.com/company/adelaide-brighton-ltd/,https://www.crunchbase.com/organization/adelaide-brighton,,
Austal,"Henderson, Western Australia",1988,"5,001-10,000 employees",1572200000,145300000,4,"Gregg, Patrick","Jason, Greg",,,Aerospace and Defense,http://www.austal.com,https://www.linkedin.com/company/austal-/,https://www.crunchbase.com/organization/austal,https://www.facebook.com/austal,https://twitter.com/austal
Monadelphous Group,"Perth, Western Australia",,"5,001-10,000 employees",1754200000,73500000,2,,"Trueman, Philip",,,Construction and Engineering,http://www.monadelphous.com.au,https://www.linkedin.com/company/monadelphous/,https://www.crunchbase.com/organization/monadelphous-group,https://www.facebook.com/MonadelphousCareers,
UGL Limited,"North Sydney, NSW",1970,"5,001-10,000 employees",1946200000,137600000,6,,"Kidman, Will",,,Construction and Engineering,http://www.ugllimited.com,https://www.linkedin.com/company/ugl-limited/,https://www.crunchbase.com/organization/ugl-limited,,
Boral Ltd,,,,2924100000,359800000,,"Todorcevski, Zlatko",,,,Construction Materials,http://www.boral.com.au/,,https://www.crunchbase.com/organization/boral-ltd,https://www.facebook.com/boralproducts,https://www.twitter.com/boralproducts
Multiplex,"Sydney CBD, NSW",1962,"5,001-10,000 employees",3612500000,335800000,7,"McDiven, Ross A.",,,,Real Estate Operating Companies,http://www.multiplex.global,https://www.linkedin.com/company/multiplex/,https://www.crunchbase.com/organization/multiplex,,
Broadspectrum,"North Sydney, New South Wales, Australia",,"10,001+ employees",3692300000,156800000,1,,"Sutherland, Nick",,,Diversified Support Services,http://www.ventia.com,https://www.linkedin.com/company/broadspectrum-a-ventia-company/,https://www.crunchbase.com/organization/transfield-services,https://www.facebook.com/pg/BroadspectrumGroup/,https://twitter.com/BroadServices
CIMIC Group,"North Sydney, NSW",1949,"10,001+ employees",8254300000,1790800000,1,"Santamaria, Juan","Grande, Emilio",,,Construction and Engineering,https://www.cimic.com.au,https://www.linkedin.com/company/cimic-group-limited/,https://www.crunchbase.com/organization/cimic-group,,https://www.twitter.com/CIMICGroup
Lendlease,"Barangaroo, NSW",1958,"5,001-10,000 employees",9892000000,126000000,4,"Lombardo, Anthony Peter","Dixon, Simon Collier",,,Diversified Real Estate Activities,http://www.lendlease.com,https://www.linkedin.com/company/lendlease/,https://www.crunchbase.com/organization/lend-lease,https://www.facebook.com/LendleaseGroup/,https://twitter.com/lendleasegroup
Downer EDI Ltd,,,,11543700000,583200000,,"Fenn, Grant Anthony","Ferguson, Michael James",,,Diversified Support Services,http://www.downergroup.com,,https://www.crunchbase.com/organization/downer-edi-ltd,,https://www.twitter.com/downergroup
HammerTech Global,"Richmond, Victoria",2013,51-200 employees,,,3,"Leach, Ben","Stassen, Wynand","Harris, James",,Application Software,http://www.hammertechglobal.com,https://www.linkedin.com/company/hammer-technologies-pty-ltd/,https://www.crunchbase.com/organization/hammertech-global,,
Archistar.ai,"Sydney, NSW",2010,51-200 employees,,,1,,,,,Application Software,http://www.archistar.ai,https://www.linkedin.com/company/archistarai/,https://www.crunchbase.com/organization/archistar,https://www.facebook.com/archistarai,
Sitemate,"Sydney, NSW",2015,11-50 employees,,,1,,,,(+61) 2-8103-3140,Application Software,https://sitemate.com,https://www.linkedin.com/company/sitemate-technologies/,https://www.crunchbase.com/organization/sitemate,https://www.facebook.com/sitematehq/,https://twitter.com/sitematehq
SignOnSite,"Canberra, ACT",2013,11-50 employees,,,1,,,,(+61) 1800 744 666,Application Software,http://www.signonsite.com,https://www.linkedin.com/company/signonsite/,https://www.crunchbase.com/organization/signonsite,https://www.facebook.com/signonsite,https://twitter.com/signonsite
The Safety Compass,,,,,,,"Eckersley-Maslin, Sebastien",,,,Application Software,http://www.thesafetycompass.com.au/,,https://www.crunchbase.com/organization/safety-compass,https://www.facebook.com/thesafetycompass,https://twitter.com/safetycompassau
Cribber,,2015,2-10 employees,,,,"Mike, -",,"Despres, Ross",,Application Software,http://www.cribber.com,https://www.linkedin.com/company/cribber/,https://www.crunchbase.com/organization/cribber,https://www.facebook.com/cribberapp/,https://twitter.com/cribberapp
BuildPass,"Melbourne, VIC",2021,2-10 employees,,,1,,,,,Application Software,https://buildpass.com.au,https://www.linkedin.com/company/buildpass/,https://www.crunchbase.com/organization/buildpass,,
ParaSpace,"Brisbane City, Queensland",2018,2-10 employees,,,1,,,,,Application Software,http://paraspace.com.au,https://www.linkedin.com/company/paraspace/,https://www.crunchbase.com/organization/paraspace,https://www.facebook.com/ParaSpace-245020566436605/,
BuildSort,"South Fremantle, Western Australia",2018,2-10 employees,,,1,,,,,Application Software,http://buildsort.com,https://www.linkedin.com/company/buildsort/,https://www.crunchbase.com/organization/buildsort,https://www.facebook.com/BuildSort/,https://twitter.com/BuildSort
Buildsoft,"Campbelltown, Sydney, NSW",1985,11-50 employees,,,1,,,,,Application Software,http://www.buildsoft.com.au,https://www.linkedin.com/company/buildsoft-pty-ltd/,https://www.crunchbase.com/organization/buildsoft,https://www.facebook.com/BuildsoftEstimating,https://twitter.com/BuildsoftAU
Richard Crookes Constructions,"Artarmon, NSW",1976,"501-1,000 employees",,,5,,,,02 9902 4700,Construction and Engineering,http://www.richardcrookes.com.au,https://www.linkedin.com/company/richard-crookes-constructions/,https://www.crunchbase.com/organization/richard-crookes-constructions,https://www.facebook.com/richardcrookesconstructions,
Shelf Subsea Pty Ltd,"Osborne Park, Western Australia",,51-200 employees,,,4,,,,,Construction and Engineering,http://www.shelfsubsea.com/,https://www.linkedin.com/company/shelf-subsea-pty-ltd/,https://www.crunchbase.com/organization/shelf-subsea-pty-ltd,https://www.facebook.com/shelfsubsea,https://www.twitter.com/shelfsubsea
Kapitol Group,"Docklands, Victoria",2018,51-200 employees,,,1,,,,,Construction and Engineering,http://www.kapitolgroup.com.au,https://www.linkedin.com/company/kapitol-groupau/,https://www.crunchbase.com/organization/kapitol-group,,
Construction Sciences,"Albion, Queensland",1990,"1,001-5,000 employees",,,1,,,,,Construction and Engineering,https://constructionsciences.net,https://www.linkedin.com/company/construction-sciences/,https://www.crunchbase.com/organization/construction-sciences,,
CPB Contractors,"North Sydney, NSW",1949,"10,001+ employees",,,2,,"Carrigan, Colin",,,Construction and Engineering,http://www.cpbcon.com.au/,https://www.linkedin.com/company/cpb-contractors/,https://www.crunchbase.com/organization/cpb-contractors,https://www.facebook.com/CPBContractors/,https://twitter.com/cpbcontractors
Wood & Grieve Engineers,"Perth, WA",,"501-1,000 employees",,,6,,,,,Construction and Engineering,https://www.linkedin.com/company/stantec/,https://www.linkedin.com/company/wood-&-grieve-engineers/,https://www.crunchbase.com/organization/wood-grieve-engineers,,https://twitter.com/@woodandgrieve
Buildingsense,,,,,,,,,,,Construction and Engineering,http://buildingsense.com.au/,,https://www.crunchbase.com/organization/buildingsense,,
BMD group,"PORT OF BRISBANE, Queensland",1979,"1,001-5,000 employees",,,7,,"Mortensen, Craig Allan",,,Construction and Engineering,http://www.bmd.com.au,https://www.linkedin.com/company/bmd-group-pty-ltd/,https://www.crunchbase.com/organization/bmd-group,https://www.facebook.com/THEBMDGROUP,
G&M Stor-More,,,,,,,,,,,Construction and Engineering,http://www.gmstormore.com.au/,,https://www.crunchbase.com/organization/g-m-stor-more,,
Nacap Australia,,,,,,,,"Gordon, Calvin",,,Construction and Engineering,http://nacap.com.au/,,https://www.crunchbase.com/organization/nacap-australia,,
Carapace Slate,"Penarth, Vale of Glamorgan",2012,2-10 employees,,,1,,,,,Construction Materials,http://www.carapaceslate.com,https://www.linkedin.com/company/sunscape-systems/,https://www.crunchbase.com/organization/carapace-slate,https://www.facebook.com/CarapaceSlate/,https://twitter.com/CarapaceSlate
Neometals,,,,,16500000,,"Reed, Christopher John","Carone, Jason",,,Diversified Metals and Mining,https://www.neometals.com.au/,,https://www.crunchbase.com/organization/neometals,,https://twitter.com/neometalsltd
SUNTOP Group of companies,"Xiamen, Fujian",2004,"1,001-5,000 employees",,,1,,,,+86 592 3605599-802,Diversified Metals and Mining,http://www.suntopgroup.com,https://www.linkedin.com/company/suntopstorefixture/,https://www.crunchbase.com/organization/space-matrix-design-consultants,https://www.facebook.com/suntop,
Interlink Power & Energy,,,,,,,,,,,Electric Utilities,http://www.interlinkpowersystems.com/,,https://www.crunchbase.com/organization/interlink-power-energy,https://www.facebook.com/interlinkpower,https://twitter.com/interlink_power
Frontier Microscopy,"Adelaide, South Australia",2016,2-10 employees,,,1,,,,,Electronic Equipment and Instruments,http://www.frontiermicroscopy.com,https://www.linkedin.com/company/frontier-microscopy/,https://www.crunchbase.com/organization/forntier-microscopy,https://www.facebook.com/FrontierMicro/,https://twitter.com/frontiermicro
Force Fire,"Newington, New South Wales",2004,51-200 employees,,,1,,,,1300 66 77 04,Electronic Equipment and Instruments,http://forcefire.com.au,https://www.linkedin.com/company/force-fire/,https://www.crunchbase.com/organization/force-fire,,
Wesbeam,"Perth, WA",2002,51-200 employees,,,5,,,,,Forest Products,http://www.wesbeam.com,https://www.linkedin.com/company/wesbeam-pty-ltd/,https://www.crunchbase.com/organization/wesbeam,https://www.facebook.com/wesbeamaustralia/,
Metricon Homes,"Mt Waverley, VIC",1976,"1,001-5,000 employees",,,4,,,,,Homebuilding,http://www.metricon.com.au,https://www.linkedin.com/company/metricon/,https://www.crunchbase.com/organization/metricon-homes,https://www.facebook.com/metricon,https://twitter.com/MetriconHomes
Tecside Group,"South Perth, Western Australia",1996,"1,001-5,000 employees",,,10,"Pollack, Shayne",,,08 9363 3800,Human Resource and Employment Services,http://www.tecside.com.au,https://www.linkedin.com/company/tecside-group/,https://www.crunchbase.com/organization/tecside-group,https://www.facebook.com/tecside,https://twitter.com/TecsideRecruit
PlantMiner,"Brisbane, QLD",2012,51-200 employees,,,1,,,,,Interactive Media and Services,https://marketplace.felix.net,https://www.linkedin.com/company/felix-vendor-marketplace/,https://www.crunchbase.com/organization/plantminer,https://www.facebook.com/PlantMiner,https://twitter.com/PlantMinerAU
Bidhive,"Fortitude Valley, Queensland",2017,2-10 employees,,,1,,,,419664477,IT Consulting and Other Services,http://www.bidhive.com,https://www.linkedin.com/company/bidhive,https://www.crunchbase.com/organization/bidhive,https://www.facebook.com/bidhive,https://www.twitter.com/bidhive
Fredon,"Silverwater, NSW",1968,"1,001-5,000 employees",,,6,,,,,IT Consulting and Other Services,http://www.fredon.com.au,https://www.linkedin.com/company/fredon/,https://www.crunchbase.com/organization/fredon,https://www.facebook.com/Fredongroup/,https://www.twitter.com/@FREDON_
Toplace,"Sydney, NSW",2009,11-50 employees,,,1,,,,,Real Estate Development,http://www.toplace.com.au/,https://www.linkedin.com/company/toplacegroup/,https://www.crunchbase.com/organization/toplace-group,,
Buckeridge Group of Companies,"Perth, Western Australia",,"1,001-5,000 employees",,,1,,,,,Real Estate Development,http://www.bgc.com.au/,https://www.linkedin.com/company/bgc-australia-pty-ltd/,https://www.crunchbase.com/organization/buckeridge-group-of-companies,,
Currie & Brown (Australia),"London, London",1919,"1,001-5,000 employees",,,5,,,,,Research and Consulting Services,http://www.curriebrown.com,https://www.linkedin.com/company/currie-and-brown/,https://www.crunchbase.com/organization/currie-brown-australia,https://www.facebook.com/Currie-Brown-260889783936635/,https://twitter.com/curriebrown
Ausreo,"Wetherill Park, NSW",2000,201-500 employees,,,19,,,,,Steel,https://ausreo.com.au,https://www.linkedin.com/company/ausreo-pty-limited/,https://www.crunchbase.com/organization/ausreo,,
Acrow Formwork & Scaffolding,"Revesby, New South Wales",1936,201-500 employees,,,8,,,,1300138362,Trading Companies and Distributors,http://www.acrow.com.au,https://www.linkedin.com/company/acrow/,https://www.crunchbase.com/organization/acrow-formwork-scaffolding,,
Metcalfe Plant Hire Ltd,,,,,,,,,,,Trading Companies and Distributors,https://www.metcalfe-plant-hire.co.uk/,,https://www.crunchbase.com/organization/metcalfe-plant-hire-ltd,,https://twitter.com/MetcalfePH
canibuild,"Sydney, New South Wales",,11-50 employees,,,2,,,,1300 102 495,,http://www.canibuild.com,https://www.linkedin.com/company/canibuild/,https://www.crunchbase.com/organization/canibuild,https://www.facebook.com/Canibuild-109018857115950/,https://www.twitter.com/canibuild1
Endeavour Programme,,2017,2-10 employees,,,3,,,,,,https://octantai.com/,https://www.linkedin.com/company/octantai/,https://www.crunchbase.com/organization/endeavour-programme-2736,,
HiveUAV,,2014,11-50 employees,,,,,,,,,http://hiveuav.com,https://www.linkedin.com/company/hiveuav/,https://www.crunchbase.com/organization/hiveuav,https://www.facebook.com/hiveuav,https://twitter.com/@hiveuav
Parkd,"Perth, Western Australia",2016,2-10 employees,,,1,,,,,,http://www.parkdgroup.com,https://www.linkedin.com/company/parkd-group/,https://www.crunchbase.com/organization/parkd-d9cd,https://www.facebook.com/pg/parkdgroup/about/?ref=page_internal,https://twitter.com/parkd_ltd
HiKey Resources,"Maroubra, NSW",,2-10 employees,,,2,,,,,,http://www.hikey-resources.com,https://www.linkedin.com/company/hikey-resources/,https://www.crunchbase.com/organization/hikey-resources,https://www.facebook.com/hikeyresources,https://www.twitter.com/hikeyresources
PT Blink,"Sydney, New South Wales",,11-50 employees,,,1,,,,+61 1300 77 88 12,,https://ptblink.com,https://www.linkedin.com/company/ptblink/,https://www.crunchbase.com/organization/pt-blink,https://www.facebook.com/ptblinktech/,
EstimateOne,"Richmond, Victoria",2010,51-200 employees,,,1,,,,1300 705 035,,http://www.estimateone.com,https://www.linkedin.com/company/estimateone-pty-ltd/,https://www.crunchbase.com/organization/estimateone,https://www.facebook.com/estimateoneau,
ConX,"Sydney, NSW",2015,2-10 employees,,,1,,,,+61 2 8003 3037,,http://www.conx.co,https://www.linkedin.com/company/conx/,https://www.crunchbase.com/organization/conx,https://www.facebook.com/ConXjobs/,https://twitter.com/ConXjobs
Expocentric,"Rydalmere, NSW",2009,51-200 employees,,,2,,,,+61 2 9937 1500,,http://www.expocentric.com.au,https://www.linkedin.com/company/expo-centric/,https://www.crunchbase.com/organization/expocentric,https://www.facebook.com/expocentricfan,https://www.twitter.com/3xpocentric
Aurecon Engineering,,,,,,,,,,,,http://www.aurecongroup.com/en.aspx,,https://www.crunchbase.com/organization/aurecon-engineering,https://www.facebook.com/aurecon,https://www.twitter.com/aurecon
Veyor,"Darlinghurst, Sydney, New South Wales",2017,11-50 employees,,,2,,,,+61 2 8073 7665,,http://www.veyordigital.com,https://www.linkedin.com/company/veyordigital/,https://www.crunchbase.com/organization/veyor,,
Sync Technologies,"Sydney, New South Wales",2020,2-10 employees,,,4,,,,,,http://www.synctech.io,https://www.linkedin.com/company/synctechnologies/,https://www.crunchbase.com/organization/sync-technologies,,
Track’em,"Perth, Western Australia",2014,11-50 employees,,,1,,,,,,http://www.trackem.com.au,https://www.linkedin.com/company/thetrackem/,https://www.crunchbase.com/organization/track-em,https://www.facebook.com/TheTrackem/,https://twitter.com/thetrackem
John Holland,"Melbourne CBD, Victoria",,"5,001-10,000 employees",,,4,,,,,,http://www.johnholland.com.au,https://www.linkedin.com/company/john-holland/,https://www.crunchbase.com/organization/john-holland-8a86,https://www.facebook.com/johnhollandaus,https://twitter.com/johnhollandaus?lang=en
Inauro,"Lavender Bay, New South Wales",,11-50 employees,,,1,,,,,,https://www.inauro.io,https://www.linkedin.com/company/inauro/,https://www.crunchbase.com/organization/inauro,,https://twitter.com/_InAuro
FritsGo,"Perth, WA",2018,2-10 employees,,,1,,,,,,https://fritsgo.com,https://www.linkedin.com/company/fritsgo/,https://www.crunchbase.com/organization/fritsgo,https://www.facebook.com/FritsGoapp,
Ecostar,"Dandenong South, Victoria",1979,51-200 employees,,,1,,,,1300 963 231,,http://www.ecostardoubleglazing.com.au/,https://www.linkedin.com/company/ecostar-double-glazing/,https://www.crunchbase.com/organization/ecostar,https://www.facebook.com/ecostardoubleglazingaustralia,https://twitter.com/ecostar_au
Udrew,"Inglewood, Western Australia",2017,11-50 employees,,,1,,,,,,http://www.udrew.com.au/,https://www.linkedin.com/company/udrewptyltd/,https://www.crunchbase.com/organization/udrew,https://www.facebook.com/udrewptyltd/?hc_ref=ARSIrTIl9UsTfluMqPjQXserbza2Qt1talnvcfMgOQiu-8wf-8ErU1ZhumydahMTkWU&fref=nf&__tn__=kC-R,
Austral Construction Pty Ltd.,,,,,,,,,,,,http://www.australconstruction.com.au/,,https://www.crunchbase.com/organization/austral-construction-pty-ltd,,
Hendry,"Melbourne, Victoria",1982,51-200 employees,,,5,,,,1800 873 371,,http://www.hendry.com.au/,https://www.linkedin.com/company/hendry-group/,https://www.crunchbase.com/organization/hendry,,https://twitter.com/hendrygroup
Planitree,"Bowral, New South Wales",2020,2-10 employees,,,1,,,,,,https://www.planitree.com,https://www.linkedin.com/company/planitree/,https://www.crunchbase.com/organization/planitree,,
Anility,"Sydney, NSW",2015,11-50 employees,,,1,,,,,,http://www.anility.io,https://www.linkedin.com/company/anility/,https://www.crunchbase.com/organization/anility,https://www.facebook.com/anilityapp/,
Spa Electrics,"Dandenong South, Victoria",1976,11-50 employees,,,1,,,,397932299,,http://www.spaelectrics.com.au,https://www.linkedin.com/company/spa-electrics/,https://www.crunchbase.com/organization/spa-electrics,https://www.facebook.com/pg/SpaElectrics/,https://twitter.com/SpaElectrics
Glaass,"Gold Coast, Queensland",2013,11-50 employees,,,1,,,,+61 410 290 141,,https://www.glaass.net/,https://www.linkedin.com/company/glaass/,https://www.crunchbase.com/organization/glaass,https://www.facebook.com/GlaassSoftware,https://twitter.com/glaasssoftware
Tiler Tiling Perth,,,,,,,,,,,,https://www.tilertilingperth.com.au,,https://www.crunchbase.com/organization/tiler-tiling-perth,,https://mobile.twitter.com/PerthTiler/media
Concept Concrete Pty Ltd,,,,,,,,,,,,http://conceptconcrete.com.au/,,https://www.crunchbase.com/organization/concept-concrete-pty-ltd,https://www.facebook.com/conceptconcrete,https://www.twitter.com/conceptconcrete
Himac Skid Steer Attachments,"Albany, WA",,11-50 employees,,,1,,,,,,http://www.himac.com.au,https://www.linkedin.com/company/himac-attachments/,https://www.crunchbase.com/organization/himac-skid-steer-attachments,https://www.facebook.com/himacattachments,
Electrician To The Rescue,,,,,,,,,,,,http://www.electriciantotherescue.com.au/,,https://www.crunchbase.com/organization/electrician-to-the-rescue,https://www.facebook.com/209512619173654,https://www.twitter.com/electotherescue
Parchem,"Clayton, Victoria",,201-500 employees,,,4,,,,1300 737 787,,https://www.parchem.com.au,https://www.linkedin.com/company/parchem-construction-supplies-pty-ltd/,https://www.crunchbase.com/organization/parchem,,
Gr Engineering Svcs,"Ascot, Western Australia",2006,201-500 employees,,,3,,,,+61 8 6272 6000,,https://www.gres.com.au/,https://www.linkedin.com/company/gr-engineering-services/,https://www.crunchbase.com/organization/gr-engineering-svcs,,
Hutchinson Builders,"Brisbane, QLD",1912,"1,001-5,000 employees",,,15,,,,,,http://www.hutchinsonbuilders.com.au,https://www.linkedin.com/company/hutchinson-builders/,https://www.crunchbase.com/organization/hutchinson-builders,https://www.facebook.com/hutchies1912/,https://twitter.com/hutchies1912?lang=en
Petra Industries,"Melbourne, Victoria",2018,51-200 employees,,,1,,,,,,https://www.petraindustries.com.au/,https://www.linkedin.com/company/petra-australia/,https://www.crunchbase.com/organization/petra-industries-bce4,,
Protech Group,"Springwood, QLD",2006,"1,001-5,000 employees",,,20,,,,1800 477 683,,http://www.protech.com.au,https://www.linkedin.com/company/protech-group/,https://www.crunchbase.com/organization/protech-group,https://www.facebook.com/ProtechGroupAustralia/,
ULS Group,"Melbourne, Victoria",2001,51-200 employees,,,1,,,,,,http://www.ulsgroup.com.au,https://www.linkedin.com/company/uls-group-pty-ltd/,https://www.crunchbase.com/organization/uls-group,,
Commercial & Industrial Property Pty Ltd.,"Sydney, New South Wales",2018,51-200 employees,,,1,,,,,,https://au.esr.com/,https://www.linkedin.com/company/esraustralia/,https://www.crunchbase.com/organization/commercial-industrial-property-pty-ltd,,
UAP Company,,1993,51-200 employees,,,7,,,,,,https://www.uapcompany.com,https://www.linkedin.com/company/urbanartprojects/,https://www.crunchbase.com/organization/uap-company,https://www.facebook.com/pg/uapco/,https://twitter.com/UAPcompany
